date,value,memo
2026-01-01,2,공부 기록
2026-01-02,5,공부 기록
2026-01-03,0,공부 기록
2026-01-04,2,공부 기록
2026-01-05,4,공부 기록
2026-01-06,3,공부 기록
2026-01-07,1,공부 기록
2026-01-08,4,공부 기록
2026-01-09,5,공부 기록
2026-01-10,3,공부 기록
2026-01-11,0,공부 기록
2026-01-12,1,공부 기록
2026-01-13,2,공부 기록
2026-01-14,1,공부 기록
2026-01-15,3,공부 기록
2026-01-16,5,공부 기록
2026-01-17,2,공부 기록
2026-01-18,3,공부 기록
2026-01-19,5,공부 기록
2026-01-20,2,공부 기록
2026-01-21,4,공부 기록
2026-01-22,3,공부 기록
2026-01-23,2,공부 기록
2026-01-24,0,공부 기록
2026-01-25,2,공부 기록
2026-01-26,3,공부 기록
2026-01-27,3,공부 기록
2026-01-28,5,공부 기록
2026-01-29,1,공부 기록
2026-01-30,3,공부 기록
2026-01-31,2,공부 기록
2026-02-01,2,공부 기록
2026-02-02,1,공부 기록
2026-02-03,3,공부 기록
2026-02-04,4,공부 기록
2026-02-05,2,공부 기록
2026-02-06,5,공부 기록
2026-02-07,3,공부 기록
2026-02-08,1,공부 기록
2026-02-09,1,공부 기록
2026-02-10,3,공부 기록
2026-02-11,3,공부 기록
2026-02-12,3,공부 기록
2026-02-13,1,공부 기록
2026-02-14,3,공부 기록
2026-02-15,0,공부 기록
2026-02-16,1,공부 기록
2026-02-17,4,공부 기록
2026-02-18,2,공부 기록
2026-02-19,1,공부 기록
2026-02-20,4,공부 기록
2026-02-21,2,공부 기록
2026-02-22,1,공부 기록
2026-02-23,1,공부 기록
2026-02-24,5,공부 기록
2026-02-25,5,공부 기록
2026-02-26,4,공부 기록
2026-02-27,5,공부 기록
2026-02-28,2,공부 기록
2026-03-01,3,공부 기록
2026-03-02,1,공부 기록
2026-03-03,4,공부 기록
2026-03-04,2,공부 기록
2026-03-05,3,공부 기록
2026-03-06,1,공부 기록
2026-03-07,3,공부 기록
2026-03-08,0,공부 기록
2026-03-09,5,공부 기록
2026-03-10,3,공부 기록
2026-03-11,1,공부 기록
2026-03-12,4,공부 기록
2026-03-13,3,공부 기록
2026-03-14,2,공부 기록
2026-03-15,2,공부 기록
2026-03-16,1,공부 기록
2026-03-17,3,공부 기록
2026-03-18,5,공부 기록
2026-03-19,4,공부 기록
2026-03-20,2,공부 기록
2026-03-21,1,공부 기록
2026-03-22,2,공부 기록
2026-03-23,3,공부 기록
2026-03-24,3,공부 기록
2026-03-25,3,공부 기록
2026-03-26,5,공부 기록
2026-03-27,4,공부 기록
2026-03-28,2,공부 기록
2026-03-29,1,공부 기록
2026-03-30,5,공부 기록
2026-03-31,4,공부 기록
2026-04-01,5,공부 기록
2026-04-02,4,공부 기록
2026-04-03,3,공부 기록
2026-04-04,1,공부 기록
2026-04-05,1,공부 기록
2026-04-06,5,공부 기록
2026-04-07,2,공부 기록
2026-04-08,3,공부 기록
2026-04-09,1,공부 기록
2026-04-10,3,공부 기록
